QScore,Time_taken,Cognitive_health_Score
10.321374754930265,22.95748030807708,8.025626724122557
33.166160954701176,32.318010883781284,29.93435986632305
32.60705923938265,70.04615338573811,25.60244390080884
32.36517434529971,61.50649209656951,26.214525135642756
28.79352160827503,45.97281436090931,24.196240172184098
3.540613519016036,84.23505099549386,-4.88289158053335
34.95951882284365,24.3489204091982,32.52462678192383
5.077827432426529,77.21087212984848,-2.643259780558319
30.29824358298733,73.60881772666218,22.93736181032111
20.075914094265087,84.49191631744148,11.62672246252094
23.382242501020265,30.330972203463293,20.349145280673937
31.50661627102659,94.25012548142422,22.081603722884168
11.354234611857347,74.04946238344694,3.949288373512653
33.026545334557696,35.607432964379626,29.465802038119733
38.801584880790436,51.824320287965946,33.61915285199384
32.97774936657957,48.161776913805454,28.161571675199028
12.950852877856075,46.42696947620536,8.30815593023554
12.106670446491554,59.74883587278137,6.131786859213417
5.776785444903503,92.82753319726764,-3.505967874823261
15.717726072800517,41.64079035465147,11.55364703733537
31.387327725549138,97.57970965055894,21.629356760493245
4.664492625916372,38.3210774055794,0.8323848853584317
5.640519561251907,80.260192248913,-2.3854996636393935
1.9636811341077776,31.4991440555146,-1.1862332714436823
12.18642757669464,73.0129167986207,4.885135896832571
13.814310787071822,79.9541659387063,5.818894193201192
3.468350503335449,68.73211637377764,-3.4048611340423154
35.21355805370864,37.526233307024626,31.460934723006176
13.071539263065105,90.17455591355935,4.05408367170917
24.12236395970549,27.76586928190543,21.345777031514945
6.7501207136500385,96.72197871949032,-2.922077158298994
3.4911918564436606,23.17781572509692,1.1734102839339684
22.70891403765304,40.095278194398496,18.699386218213192
9.823924208324497,94.82735568996893,0.3411886393276049
1.8036183631198854,59.13015257502322,-4.109396894382437
35.65807793427152,21.049301732101256,33.55314776106139
25.039370758305715,34.68605150180959,21.570765608124756
2.4781578528763815,25.664284483888142,-0.08827059551243277
1.579134101267834,98.91383489480587,-8.312249388212756
17.40616394800973,69.37716773311134,10.468447174698596
24.23894821267451,60.0741921466939,18.23152899800512
10.793148340676888,79.88250178126553,2.8048981625503346
19.185763424794512,74.87544554712746,11.698218870081767
16.661444007766644,83.0677470931757,8.354669298449073
38.78203087094941,25.047896202917286,36.27724125065768
14.884239554001342,62.20676783187763,8.663562770813579
29.072152124329726,34.98799103384762,25.573353020944964
3.770775891362743,21.057882430943955,1.6649876482683474
3.716169297205214,82.35926969324343,-4.51975767211913
25.987522509957543,20.742166666262783,23.913305843331266
17.345357334946556,34.862030221636445,13.85915431278291
2.0592370249748093,73.57460822869314,-5.298223797894504
16.65080290659306,75.45258850287622,9.105544056305437
8.35680040399609,76.26830977628964,0.7299694263671253
11.991297454010041,39.95845298360653,7.995452155649389
30.99535577439337,75.99644467221064,23.395711307172306
35.82479466752591,91.82509143435338,26.642285524090568
36.64272481786312,61.05033771183311,30.537691046679807
34.732297602806035,75.7752715163019,27.154770451175846
37.41937791288231,25.71900576495483,34.84747733638683
24.519066413718626,47.48328781891704,19.770737631826922
23.136458204367514,69.01562635780476,16.23489556858704
6.831824574992451,24.257835339220666,4.4060410410703845
36.49483937781855,20.789838058340308,34.41585557198452
21.074262342734666,41.68253420036287,16.90600892269838
1.9473112067339793,94.35046905418083,-7.487735698684104
20.72094490964173,65.42740383606008,14.17820452603572
23.667430055204818,81.25205038357413,15.542225016847405
17.456678477079883,89.93765047677952,8.462913429401931
33.649651637762354,70.58794930954727,26.590856706807628
24.54901294809405,62.33199176247213,18.315813771846834
22.272762564036604,39.87607247491242,18.285155316545364
4.462875293390374,35.385545343081446,0.9243207590822289
17.185598179904026,90.52908501531468,8.132689678372559
21.21339245969722,81.84674843876527,13.028717615820694
15.72451179743869,72.21497562375099,8.503014235063592
5.064979305314141,81.30924527871657,-3.0659452225575166
29.458099406276325,39.07657903691234,25.55044150258509
5.213664083075162,53.57083392264619,-0.1434193091894569
26.5546099807845,37.86108979736029,22.76850100104847
29.008364038084228,95.83018796581979,19.42534524150225
9.169312079504564,20.21839551072425,7.147472528432139
24.408920224815173,44.083103715403176,20.000609853274856
6.230491710571977,62.75601662289492,-0.04510995171751553
34.82501106519696,77.69854082283754,27.055156982913207
2.931695452345342,65.65248330936245,-3.633552878590904
10.49157091294024,64.78532109971721,4.013038802968519
30.38960194769194,52.2149550969245,25.16810643799949
16.205860658889435,67.76617814107665,9.429242844781768
23.37959834526788,20.769641142484936,21.302634231019386
27.765439218862014,34.788178674577736,24.28662135140424
8.199893428562476,77.1292400244703,0.48696942611544447
13.95540986941727,79.87997316169053,5.9674125532482165
1.6809762945629325,54.87375720053876,-3.8063994254909437
24.943315102290626,59.659552737150705,18.977359828575555
14.779074054774682,82.85211425211031,6.493862629563651
32.94064045104297,22.751630638104913,30.665477387232475
8.58379583693873,21.394969093636007,6.4442989275751295
1.4709664287759505,94.64032134621498,-7.993065705845547
5.483067517809657,33.738338269789395,2.1092336908307168
37.7684994945184,74.68413284689696,30.300086209828706
36.395707876312436,41.65083840689452,32.23062403562298
25.0327941989195,77.85193005460582,17.24760119345892
16.77258934456375,55.408940439881974,11.231695300575554
19.124023966594606,28.600871964662833,16.263936770128325
30.616245212676784,89.46522214526608,21.669722998150178
33.620217045745584,86.18591293220425,25.001625752525158
28.480575401684973,69.44894833183605,21.53568056850137
34.2483299611161,94.59845721032922,24.78848424008318
33.684108251545716,68.26791467019817,26.8573167845259
35.840291817764786,86.05222834417883,27.235068983346903
26.068644070742714,93.21321006026687,16.747323064716028
12.491145713913525,49.078363314451025,7.583309382468422
36.90252823410034,65.05125870318889,30.39740236378145
20.317675633282228,90.42957724466393,11.274717908815834
11.15476680252133,54.41317957792221,5.7134488447291085
1.306709735873186,31.97550632935494,-1.8908408970623078
19.737312323453693,76.39061180709834,12.098251142743859
9.811306075715098,54.84455164615036,4.326850911100062
7.801433041468182,76.73747573027657,0.1276854684405242
9.683510485833619,74.32240005804636,2.2512704800289827
20.852768679542947,24.912738946292805,18.361494784913667
36.11883094461996,89.62785455796829,27.15604548882313
25.31623631844511,86.36575066447855,16.679661251997253
36.604373480136815,82.43207815703735,28.36116566443308
1.2476869177311523,80.26622526280997,-6.778935608549845
11.089137254737409,29.19319874955349,8.16981737978206
24.83035196418047,27.13355448335396,22.116996515845074
20.021057265656133,70.00953349552502,13.02010391610363
31.359304171401096,64.17346630620125,24.94195754078097
19.597763287328466,90.61243999055037,10.536519288273428
34.22336378776803,33.267036592333724,30.896660128534656
12.218409026583469,44.04445398483729,7.8139636280997395
13.187949009078569,32.995193823513176,9.888429626727252
9.544058540826978,32.807478493128016,6.263310691514176
26.27730935833506,75.59120063735736,18.718189294599323
6.5903899161078705,86.6158196500817,-2.0711920489003006
32.560727417458835,54.01256820865174,27.15947059659366
31.530712447172455,21.80559042857095,29.35015340431536
19.748008047702733,21.098859795771645,17.63812206812557
30.484938916346774,22.470436166346666,28.237895299712108
4.226126059961661,61.03658207090384,-1.877532147128723
2.0452965008824986,47.12899316501074,-2.667602815618576
28.868330763560508,20.187412568710243,26.849589506689483
2.9237488168212478,81.41740737753732,-5.2179919209324845
29.626542091379324,43.51399882489795,25.275142208889527
0.3427730486017522,79.48559083711572,-7.60578603510982
24.119935916377866,23.616708068465186,21.758265109531347
30.496362233709263,78.40464712657621,22.655897521051642
30.710466089269204,93.55711971905427,21.354754117363775
37.1219345213684,71.20497454643458,30.001437066724943
31.08078335003773,69.54960896978824,24.125822453058905
17.908858278223676,34.81963417850989,14.426894860372688
13.769743345136582,69.31262394529021,6.838480950607561
18.529440632918224,71.78041684873348,11.351398948044874
29.083024153451053,99.35940481441457,19.147083672009593
4.150003576704884,41.00369617536553,0.04963395916833058
3.162930149173837,67.49901015664014,-3.5869708664901774
33.71879262318488,93.28797268179815,24.389995355005066
27.714666184351092,96.0451049891948,18.11015568543161
8.308820690304826,63.534360677666996,1.9553846225381255
29.04961396317394,87.71700424512255,20.277913538661686
32.60918363012432,50.52445787107,27.55673784301732
10.607707530716155,48.94138186711854,5.713569344004301
10.084730221087534,30.94270068318446,6.990460152769089
18.438751643251802,96.38248937458732,8.800502705793068
20.35774021210254,97.62200120032225,10.595540092070316
39.92862856889644,75.95003593466677,32.333624975429764
13.27961464878609,79.7182688484688,5.30778776393921
16.493895240893984,27.23839358925476,13.770055881968508
21.898426547608175,24.358497177490143,19.46257682985916
10.73097244122392,41.562412346494575,6.574731206574461
23.856978970858272,34.418599219051835,20.415119048953088
17.127785147902756,89.87241297513714,8.140543850389042
2.1533544391568427,63.92891245657264,-4.239536806500421
12.589200789902254,54.96597798163925,7.092602991738328
0.7669564486958169,35.67785194327569,-2.8008287456317524
13.529504570312035,65.3435650303372,6.995148067278315
8.324279795696214,44.3341749261128,3.8908623030849334
28.523980876434475,95.16392576738973,19.007588299695502
18.482308537412642,93.93121631005249,9.089186906407393
32.56655532835067,65.44929238581494,26.02162608976917
38.41312159810021,23.877321669273897,36.02538943117282
16.904745048187486,88.71711123897475,8.033033924290011
20.94972388834211,75.01801081707926,13.447922806634184
17.710683923765597,40.03774798805488,13.70690912496011
20.747931445265202,38.30964210244779,16.916967235020422
39.98746054345218,46.350258115248685,35.35243473192731
8.547150482882898,54.17484507507551,3.129665975375347
25.393750117993797,26.984533660236963,22.6952967519701
28.186497949308503,95.89750434790523,18.59674751451798
7.096775012246601,33.436247292370574,3.7531502830095436
0.6361241368660142,50.48281365558174,-4.41215722869216
25.68605388298517,28.561371684745822,22.82991671451059
11.661831931479831,46.70403349808575,6.991428581671256
35.780224935963545,91.93770776320912,26.586454159642635
23.0468066050014,72.84640565565837,15.762166039435563
30.205830783013937,60.09632009719156,24.196198773294782
14.51911244694259,54.50729379876991,9.068383067065598
21.572281417852693,75.69887460653145,14.002393957199548
37.735507509429425,49.834839955710564,32.75202351385837
18.911165304504927,52.569470020418365,13.65421830246309
24.50249082013856,59.93804696011231,18.50868612412733
17.130734760057482,33.25914684248281,13.804820075809202
20.6953746830586,71.22608913398565,13.572765769660034
36.887142184365985,34.549108282853254,33.432231356080656
24.507112330901318,82.9587951273775,16.211232818163566
31.199790264023793,80.5397242069241,23.145817843331383
13.443361548276055,28.561325355574034,10.587229012718652
28.083373679538802,39.50814563061115,24.132559116477687
2.3546804989443393,46.61844572963207,-2.3071640740188677
35.06678210479962,74.4433093523658,27.622451169563043
24.403999326171146,97.67932160766537,14.636067165404608
26.962158799316576,72.5512068799303,19.707038111323545
11.281986685333,28.755761806675196,8.40641050466548
16.614690397251458,30.65944775021069,13.548745622230388
0.8203864171544151,98.29358816892392,-9.008972399737978
1.6385788385163869,33.60365196936439,-1.7217863584200526
3.7453859031692227,78.56491876281197,-4.111105973111974
10.385949740697203,27.877385553255305,7.598211185371673
22.687347369571693,63.928645494780305,16.294482820093663
23.829563083715165,47.72413770328995,19.05714931338617
27.15182780941655,84.17074490756475,18.734753318660076
20.719212360817263,44.03317318066585,16.31589504275068
3.115139253739163,48.11983628237759,-1.6968443744985962
6.656007111226567,22.870141749984263,4.368992936228141
9.453454422670049,85.27988347875778,0.9254660747942705
21.480837202584127,69.26808834061079,14.554028368523047
23.490160012602,63.36834817168662,17.15332519543334
37.05190006338256,56.90349369866507,31.361550693516055
19.49773088170327,89.15381651105263,10.582349230598007
9.118047631107729,82.07000910292513,0.9110467208152162
24.60427051833005,39.15493268104933,20.688777250225115
23.599295118086832,64.73234146064792,17.12606097202204
6.143099695168672,59.00220968841654,0.24287872632701735
10.56845934332356,39.02389469533312,6.666069873790248
1.4802130467605323,60.27479945660994,-4.547266898900462
28.580521441244294,75.85431764914642,20.995089676329652
35.85474010954759,87.46122465003076,27.108617644544516
12.230044542010265,68.46687020906482,5.3833575211037825
37.21307496835364,70.21400490554106,30.19167447779953
32.50789503413165,68.31520910334746,25.676374123796904
34.38781000517114,98.01060788448443,24.586749216722694
14.264139877993877,91.79453174716296,5.08468670327758
14.44013448125865,80.23369408775832,6.416765072482816
3.930581770333794,90.28009932544504,-5.0974281622107105
30.950993952239372,70.52116675320718,23.898877276918654
6.41758685224513,21.241605441124662,4.293426308132663
28.205259486365193,72.56127650904048,20.949131835461145
37.157033545601855,25.07289425522601,34.649744120079255
36.38367232213981,54.81191459631026,30.90248086250878
30.569581801907844,34.29564663985133,27.14001713792271
29.799607285100976,70.15775814403476,22.7838314706975
24.124697464016585,85.86931428739291,15.537766035277293
5.928389337365925,51.30380068442821,0.7980092689231029
5.724774703465658,49.46555437720409,0.7782192657452489
23.964232348457774,29.440395758841422,21.02019277257363
23.976072053932104,53.29995604891415,18.646076449040688
0.9197521142384479,99.96314342072179,-9.076562227833733
19.513835602709865,58.398560068024096,13.673979595907454
31.841076946104057,21.06398632455189,29.734678313648867
24.30201765815033,59.43926305841594,18.358091352308737
32.96279441268624,83.87500611301144,24.5752938013851
24.777357645134433,47.95752900626507,19.981604744507926
15.109482474832362,53.9498009243279,9.714502382399571
13.139117865824685,99.8769606651932,3.151421799305366
31.026609457708915,75.50113776073374,23.47649568163554
10.0551694967548,41.0799050002565,5.94717899672915
31.56922670805326,85.32982260797655,23.036244447255605
1.2457259974890311,20.040219603707527,-0.7582959628817219
4.993501911276859,26.231767341596992,2.3703251771171594
23.269223923901375,61.64626487217223,17.104597436684152
18.3803105225123,28.883449291103016,15.491965593401998
23.49366489470849,57.71170816644623,17.722494078063868
18.24885261480192,40.25185524469077,14.223667090332842
2.431731430301114,70.5292869685093,-4.621197266549816
6.842052572559965,40.995314538609904,2.742521118698974
2.6235010347331267,25.357194343277747,0.08778160040535177
29.885763529326837,48.088835917125564,25.07687993761428
20.938278852811013,24.454902651256383,18.492788587685375
37.71871637535784,34.20884754871646,34.2978316204862
4.633467328387022,71.99589334441814,-2.5661220060547922
38.07956493214292,31.990132828568278,34.8805516492861
39.579766704670064,48.93052921108815,34.686713783561245
35.13768799380565,81.67034288354165,26.970653705451483
35.33250027866441,27.845114751483457,32.54798880351606
24.840365321942773,81.33401134020016,16.706964187922758
21.03055633671078,55.990545238629174,15.431501812847863
3.380578989693115,35.535426661265326,-0.17296367643341792
34.7378354161762,56.076534364758004,29.130181979700403
33.69567750289529,33.994560693138325,30.29622143358146
7.250021878107735,33.2448503707678,3.9255368410309552
16.11903599600471,94.65598762844255,6.653437233160453
31.721589289658503,81.84575494834374,23.537013794824126
14.823673814391064,86.05460862580641,6.218212951810424
36.59637151575392,66.12965836195053,29.98340567955887
33.46012721856124,28.33545398990684,30.626581819570557
10.55067731609257,24.677154996138874,8.082961816478681
13.525517683949676,37.23166613953499,9.802351069996178
9.789690802863333,60.545026688267725,3.7351881340365605
12.320799938860008,49.47027005066119,7.373772933793888
0.3745789611601502,35.65170713034968,-3.190591751874818
25.280683783342354,59.21662810923547,19.359020972418808
12.460716745169677,33.332324342860716,9.127484310883606
31.76403935519227,61.948372632145606,25.569202091977708
4.286794588892815,54.50107766749787,-1.1633131778569723
23.374214268558987,28.525955449279927,20.521618723630993
22.72604110838539,45.11002910113656,18.215038198271735
31.39089880931042,50.67670084245719,26.323228725064702
25.499357915460244,96.12923521516612,15.886434393943631
29.364620203733267,81.86216047775943,21.178404155957324
8.401192585299944,65.13676025363927,1.8875165599360164
9.962689908761497,82.31276235497586,1.7314136732639103
5.845387043934589,64.17606463338721,-0.5722194194041323
36.898003213226914,52.851930876027104,31.612810125624204
34.3855420560062,48.41526092403026,29.544015963603176
17.059949179506674,37.70488725802048,13.289460453704626
37.327121321039854,90.62001735157426,28.265119585882427
38.41847995496371,43.556156644497136,34.06286429051399
22.951877830151375,69.56403619119192,15.995474211032182
1.084725309871124,50.29086787014236,-3.9443614771431124
14.847356286095774,61.100437177386915,8.737312568357083
31.756168472031714,72.208920957753,24.535276376256412
2.7224326771860774,47.31417802140034,-2.0089851249539565
28.54623691924926,52.928762680114694,23.25336065123779
27.792254921055047,52.156707617914506,22.576584159263597
38.08302893858234,67.26157594602216,31.35687134398012
34.6318822858932,52.53215150310819,29.37866713558238
11.82409189065095,83.15865212192455,3.5082266784584952
28.699218328133398,78.96155140243124,20.803063187890274
12.16579176472612,49.883735093511774,7.177418255374942
3.3505452238901112,68.83573463472962,-3.533028239582851
26.382739316844518,74.51170119571844,18.931569197272673
14.360822754219488,58.506829570418624,8.510139797177626
39.60575095831821,81.4393426506401,31.4618166932542
16.42932301716341,34.98005734128629,12.93131728303478
7.099308507083366,82.41822366093743,-1.1425138590103767
24.39245353628236,49.447005059827774,19.447753030299584
3.2902762821008613,61.27803687210851,-2.8375274051099897
30.43295125784324,32.286512762471624,27.204299981596076
6.243051505297319,61.02219988555176,0.14083151674214278
14.551032270823123,25.044793397179134,12.046552931105209
38.65471260619891,55.77281462164692,33.07743114403422
25.562584216917372,59.583851420258625,19.60419907489151
17.402615340360693,29.149045203021515,14.487710820058542
20.54884581271752,52.27450822448794,15.321394990268725
6.964095077022057,40.382354983827575,2.925859578639299
22.467065294866853,47.5756506455344,17.709500230313413
9.134647476686402,55.31503406233618,3.6031440704527835
29.00815746223179,87.47286300384816,20.26087116184697
32.135832016474545,82.14484483289485,23.92134753318506
8.19412378287755,83.05471951261143,-0.11134816838359285
31.63134589974405,58.60744335729704,25.770601564014346
6.226424828058534,74.79432432153962,-1.253007604095428
29.695089007091504,67.26316564738222,22.96877244235328
11.099526404911003,56.12068784214672,5.487457620696331
16.72101471324745,55.106961753791765,11.210318537868272
34.336967414463835,36.45339688821796,30.69162772564204
12.526107838668104,70.62212541995109,5.463895296672995
18.342719035815094,32.86503511564678,15.056215524250415
35.9195024780573,45.108563200425735,31.408646158014722
7.079589722191995,92.45527807014147,-2.1659380848221526
6.146347154165532,80.93620783985705,-1.947273629820172
15.278910762997327,73.4114571644185,7.937765046555477
12.296788980363281,21.442463980727275,10.152542582290554
20.49939656173454,52.57588217753856,15.241808343980683
27.36775801966935,26.154435585707468,24.752314461098603
28.626065409069483,37.52723377538578,24.873342031530903
19.557518752197108,53.48661331279523,14.208857420917585
34.86666309671055,36.681020174184845,31.19856107929207
12.511475951651935,56.036861032514,6.907789848400535
1.8196297114049909,65.94394104547493,-4.774764393142503
25.954652415413424,81.97568765470389,17.757083649943034
25.91281030313093,36.02512224012053,22.310298079118876
27.021611128424073,78.07608624974176,19.214002503449898
28.500395618297404,63.09776969898187,22.190618648399216
8.744670687821717,91.29970388705755,-0.38529970088403864
17.30860921175921,98.87091263486424,7.421517948272786
1.511676219127338,33.29540477799445,-1.817864258672107
22.971844925747995,65.2456392447906,16.447281001268934
26.357241219622885,61.640276576891836,20.193213561933703
14.740635040017406,69.76974171863851,7.763660868153554
5.437188587347999,30.221343383535803,2.415054248994418
22.870497698658916,85.55823030924145,14.31467466773477
9.295121001407818,93.21672685531082,-0.026551684123264252
9.261774597802921,45.71483811541367,4.690290786261554
9.090992953507726,33.46797474623664,5.744195478884062
9.859364968422394,43.72980238046219,5.486384730376175
9.135976031191682,89.73464395412363,0.16251163577931926
14.569621436311175,92.24077646830816,5.3455437894803595
25.618059798585534,57.29534479042022,19.88852531954351
37.71194764386624,27.95091899422541,34.916855744443694
12.04561673536439,95.57843639229498,2.4877730961348927
20.636419426284984,48.73879166106506,15.76254026017848
7.6017764599749915,26.145268327004977,4.987249627274494
25.49601657421914,81.86404529721571,17.30961204449757
4.6477694309551065,27.340817026219064,1.9136877283331999
4.758364797449972,81.3067791679327,-3.372313119343299
6.085482841169392,80.75531615258777,-1.9900487740893853
35.38484761470733,35.490967419092556,31.835750872798076
34.762772895796054,27.94619475973188,31.968153419822865
15.044510198831155,46.67764330136504,10.376745868694652
37.44017294850042,35.099440620798,33.93022888642062
0.6700975462495151,44.758791294446674,-3.8057815831951523
22.479316033792408,23.321746334713964,20.14714140032101
29.42392003749997,51.58073420293058,24.26584661720691
34.80435628734136,99.3794887978437,24.86640740755699
38.30664200675122,32.73032932522777,35.033609074228444
9.129818109226102,78.37589181244468,1.2922289279816344
30.544035474690226,78.97924268335723,22.646111206354504
34.99729055879036,43.324477234579206,30.66484283533244
13.120322219421165,71.840092274238,5.936312991997365
20.463730246764243,42.567485135986885,16.206981733165556
22.73218218594108,39.06343758789177,18.825838427151904
20.89965688177817,38.80552813919828,17.019104067858343
26.933032148914346,39.96283115605482,22.936749033308864
26.855169500171954,99.80407224185439,16.874762275986512
8.159726718717906,84.027386892976,-0.24301197057969404
25.661653305039117,22.350809738003584,23.42657233123876
5.43958075354249,99.6579946725842,-4.526218713715931
13.367402658433608,30.845010519228833,10.282901606510725
34.76644579147548,68.41886184581395,27.92455960689409
4.215535763472418,30.135349348219318,1.202000828650486
15.059015670602927,45.34092804911775,10.524922865691153
39.127707634108376,60.10522836008338,33.11718479810004
13.810607835331892,40.45057102467939,9.765550732863954
37.86480516182795,84.864017698736,29.37840339195435
15.068656920041299,67.25019295177117,8.343637624864183
18.18727561851736,42.975159380640584,13.889759680453302
8.029175673568005,52.99529090636411,2.7296465829315935
5.099283281658926,23.39518122218947,2.759765159439979
30.48853467954111,27.6583263074299,27.72270204879812
21.38624324223251,39.20613987899984,17.465629254332526
5.976920430265178,78.47176567791333,-1.8702561375261553
3.96107133875105,36.566711683905794,0.3044001703604704
6.737001476187361,84.42128098268718,-1.705126622081357
16.64092166963206,34.74635791898507,13.166285877733554
13.51837474235277,55.467031495151105,7.971671592837659
28.32947534198746,25.884969445604355,25.740978397427025
35.454166017446845,92.41127511005386,26.213038506441457
25.100130324950356,85.80625768471415,16.519504556478942
26.65100198652423,31.816017590653438,23.469400227458884
9.746769316310239,67.15483618598408,3.03128569771183
34.17224158260406,45.27987232628422,29.644254349975636
7.869291238160772,54.41749565159415,2.4275416730013557
1.9309587039428333,89.42846667344854,-7.011887963402021
25.58814990108647,88.54528457807015,16.733621443279453
33.55254154080534,63.99011080119517,27.153530460685825
12.037049726306845,77.85516168156177,4.251533558150668
6.42211839646456,47.98278772005794,1.6238396244587658
2.928923960137908,90.33980275659388,-6.10505631552148
9.991867758369398,99.47981706060605,0.0438860523087925
7.307359333578285,73.14519656807363,-0.007160323229078003
28.31383451426152,76.32105776600943,20.681728737660574
38.28551706260375,51.026433454735994,33.18287371713015
25.568786095773635,91.88962503568092,16.379823592205543
19.70814569471644,85.44241498738077,11.163904195978361
4.909293925804947,79.72926503114101,-3.0636325773091544
20.55091876590419,91.18002211153211,11.432916554750978
19.0335082277433,59.90829490993259,13.042678736750041
19.248333315598064,34.57237219317992,15.791096096280071
11.376553248774147,54.962860937263315,5.880267155047815
20.05107106528648,84.00310249239104,11.650760816047375
24.0361763328716,39.13677946299196,20.122498386572406
37.39396112281946,34.88994034048153,33.90496708877131
39.18919014031202,41.794434064104955,35.00974673390152
34.9771966390809,93.46681030495121,25.63051560858578
38.37769263537366,20.808846010149658,36.2968080343587
22.038824174222924,50.559027078673395,16.982921466355585
22.647814528743094,82.37689019491773,14.410125509251321
15.84618434924077,63.49861645824119,9.496322703416652
18.275214963380954,23.18309269168377,15.956905694212576
13.571998941753126,70.73414158822946,6.4985847829301795
2.851383573747661,91.62106744822364,-6.310723171074704
35.70552306703342,77.02078065184952,28.003445001848466
35.89752186164481,87.21279894163654,27.176241967481158
33.17316916308601,27.060407080892492,30.46712845499676
21.69301156195479,61.413455426753146,15.551666019279477
34.13419289653153,40.67627531967392,30.066565364564138
30.232150174398637,64.50196071504872,23.781954102893764
2.2381184388455733,27.57707026110043,-0.5195885872644701
35.84050192174709,95.89310781753879,26.25119113999321
38.66644161562362,28.530374230952134,35.8134041925284
25.37784033099062,52.288944768411476,20.14894585414947
0.039707790660963305,33.202916010060726,-3.2805838103451093
39.7012704251581,37.01867560793619,35.999402864364484
39.1247647259888,59.41946044011098,33.1828186819777
16.242395060090935,47.59944769591034,11.482450290499902
9.088022052260044,98.22831225008483,-0.7348091727484398
34.65310496015084,32.69281571327764,31.383823388823078
18.47807862799587,44.1260871422063,14.065469913775239
28.446081710337758,59.60868597710806,22.48521311262695
18.15203348829119,30.356124997165324,15.116420988574657
7.760349590161182,44.017707496004945,3.3585788405606873
36.74498774161778,89.53463236787076,27.7915245048307
13.182908402281782,82.80076970732425,4.902831431549357
13.439256064443988,35.05062232256705,9.934193832187283
1.5622182677153074,27.918650430182275,-1.2296467753029203
9.705056253243338,46.992345342970324,5.005821718946305
14.346929552574053,39.82487641360293,10.36444191121376
38.18178571295893,62.44197265831032,31.937588447127894
24.0650236584726,48.172121058190285,19.247811552653573
13.250216927299348,40.061649544593585,9.24405197283999
10.834951536553499,66.16205894041452,4.2187456425120455
10.70495066822875,41.10130887068095,6.5948197811606555
30.937553125207348,48.50817911368809,26.086735213838537
11.255038297005653,92.91092128775335,1.9639461682303168
33.182951237417456,95.86529521295415,23.596421716122038
0.4814389723972434,68.69161620887141,-6.3877226484898975
5.23030923256119,35.94199176188645,1.6361100563725448
1.1923541599268983,80.32399464712368,-6.84004530478547
35.06940131708984,33.549257351199856,31.714475581969857
34.42604400358745,49.71704998267715,29.454339005319735
12.41400934970927,41.73592437121278,8.240416912587992
25.84836396126111,30.859221343960872,22.76244182686502
8.766625100827202,68.27625995220104,1.9389991056070972
11.613420533139639,23.45277414856494,9.268143118283145
28.70910121613545,61.305074904738575,22.578593725661595
15.952482516967063,92.15364964595706,6.737117552371357
4.648212367202218,25.280085691925862,2.1202037980096318
38.82822156434682,61.592954285193926,32.66892613582743
25.070106205910534,48.13012823489692,20.25709338242084
30.426450609570267,43.08072219380395,26.11837839018987
30.249410331024155,87.43462957479453,21.5059473735447
37.954503332802176,87.83514894433077,29.1709884383691
23.569411508182085,84.10475029107997,15.158936479074088
26.6161294722503,60.74892099912958,20.541237372337342
0.7445158374759808,92.99881912792019,-8.555366075316037
5.590611445771709,31.305687432841847,2.4600427024875247
0.8829473159896706,81.46345173537706,-7.2633978575480365
17.09703611202616,63.089391943686564,10.788096917657503
15.390192498397685,27.753611401700738,12.614831358227612
2.6052051644177077,39.41910432397553,-1.3367052679798457
35.3034947227102,71.40593698038855,28.162901024671342
22.13331707870134,39.7286026112586,18.16045681757548
23.731743716696236,29.754102929314257,20.75633342376481
1.5401394012781333,44.34531298085692,-2.8943918968075586
12.900765671667788,39.39762956439019,8.96100271522877
12.4095405166841,46.82472643909936,7.727067872774164
22.331528918238504,34.92222698981452,18.839306219257054
14.096812016475875,36.80453944690803,10.416358071785071
17.878715533115205,66.0057977631536,11.278135756799845
1.3526784596088826,61.87333775150199,-4.834655315541317
10.43888165932017,58.93721736318594,4.5451599230015765
4.8890134301900146,90.70456992221608,-4.1814435620315935
21.843682704170213,85.10386370878757,13.333296333291456
30.175159045582703,58.302972977903025,24.3448617477924
10.92894216580759,76.25111652910354,3.3038305128972345
33.38074963609093,78.48373240427362,25.53237639566357
15.513095936709496,44.60867584644064,11.05222835206543
0.6338201942233113,80.36112080496885,-7.402291886273574
28.60868748397404,25.023538063002093,26.10633367767383
22.265372932196755,57.00569203750476,16.56480372844628
6.351665286143575,27.80858319737325,3.5708069664062503
23.924354006795507,61.682258922058836,17.75612811458962
22.091373683618162,53.69008348935764,16.722365334682397
19.700324113505356,68.82619212319285,12.81770490118607
30.81339264549371,39.616490414350025,26.851743604058708
17.73966164830309,20.57533781286257,15.682127867016835
12.488024196608718,31.559330204532436,9.332091176155474
25.773075261943667,66.64963484987642,19.108111776956026
17.577775941893332,82.7294408277275,9.304831859120581
19.861136449017675,62.03687195373153,13.657449253644522
24.269955761312847,87.46360537254675,15.523595224058171
6.020504053460649,36.411464112698965,2.3793576421907523
20.087613177442943,29.865606500266946,17.10105252741625
7.666249661936306,66.80506499562335,0.9857431623739705
4.122798273625032,86.41735677462414,-4.5189374038373815
27.19745083611057,39.95827590343254,23.201623245767315
11.308809270641209,78.14221840849528,3.4945874297916806
36.43528409186853,25.330664379945702,33.90221765387396
12.045334295639027,28.979546221669914,9.147379673472035
38.6548189767742,93.23434098539025,29.331384878235177
36.18876431772945,28.03495317649198,33.38526900008025
29.55924779527478,23.417367904194677,27.21751100485531
13.414092707975534,93.54085045866444,4.06000766210909
31.305495602104102,76.76002162076878,23.629493440027225
30.096063800351335,53.34119447084086,24.761944353267246
30.302652159456187,77.738971728861,22.528754986570085
1.2495411131776368,86.44953869279563,-7.395412756101926
33.63970964370334,57.10523919474528,27.929185724228812
34.06727047816011,68.41178008349647,27.226092469810464
37.93843892779166,78.21004656038984,30.117434271752675
20.48752341354941,64.88995924517724,13.998527489031687
17.581869042227968,97.01563909559954,7.880305132668013
39.719323386104804,73.58321746198992,32.36100163990581
12.078145206510902,58.402888956159444,6.237856310894957
11.376442197968949,63.79989720753671,4.996452477215278
0.5191446456600346,47.66970507398226,-4.247825861738192
26.428575831318767,78.87421423760637,18.541154407558132
25.134652668480463,39.98867392918693,21.13578527556177
19.34937529245712,35.10051735585058,15.83932355687206
31.349694924826494,45.84610269254697,26.765084655571798
18.76900527140462,92.8600736637333,9.482997905031288
3.0659101572905234,27.38217841575855,0.3276923157146685
32.26765219050198,74.9432203780667,24.77333015269531
17.686214284220764,46.28083996251643,13.05813028796912
16.765089224928218,48.43202344817756,11.921886880110462
1.5427813693685177,91.93276854664995,-7.650495485296478
30.49060650086013,87.48412229350684,21.742194271509447
29.07666278304469,67.71474256327231,22.30518852671746
11.571684846074128,48.91837068328759,6.679847777745368
21.14516677570458,61.69726002204808,14.975440773499773
9.63513979913837,73.26150378257242,2.3089894208811277
39.03040262588762,95.08084720452985,29.522317905434633
27.400698437187124,73.42579008285186,20.05811942890194
28.63569101089451,72.69883654181328,21.365807356713184
34.91326035225852,74.54558190642192,27.458702161616326
27.510849634385156,96.38795476816381,17.872054157568776
4.6621485951027,79.20053160685488,-3.2579045655827885
5.874609689006305,73.06087390987433,-1.4314777019811284
37.355208787158695,25.159011640858814,34.83930762307281
21.93300800768761,92.68595001143228,12.664413006544383
24.239252245728608,68.73836941841341,17.365415303887268
37.12458876463825,92.37526429184898,27.88706233545335
28.089450114101638,79.95456534331191,20.093993579770448
36.60247361375533,38.32477299156291,32.76999631459904
20.984443167387788,57.71560875892396,15.21288229149539
19.95570798446549,29.401145538500295,17.01559343061546
31.501826545887162,48.09227518860445,26.692599027026716
30.442152830449658,95.12534015417589,20.929618815032068
3.60604293479843,22.871692443320832,1.3188736904663467
32.36083243512809,44.33218521335424,27.927613913792666
7.7402669716261,23.96043612049209,5.34422335957689
14.999794311389106,91.49314988122569,5.850479323266537
3.6192778072835585,22.218577096458194,1.3974200976377391
18.252680239326292,55.799322605917524,12.672747978734538
12.006347659867416,29.846952980457544,9.021652361821662
32.400373354755295,39.07569094291692,28.492804260463604
0.5061071860256794,86.71446360822955,-8.165339174797275
15.439528071301524,73.09044259661964,8.13048381163956
19.760172711794432,54.19587250433233,14.340585461361199
36.431442240054174,53.69488315443139,31.061953924611036
8.654468616390636,60.449732847737785,2.6094953316168574
10.395760761782649,97.90322363584144,0.605438398198503
1.7616720155809995,60.626785970852744,-4.301006581504275
4.653472245085872,75.513706454579,-2.8978984003720276
35.18922604774288,76.667645648743,27.52246148286858
34.902163454072706,94.73263063148158,25.428900390924547
35.35372713109416,57.085295481051475,29.645197582989013
5.7478546059786995,21.04613051844676,3.6432415541340233
39.98971756452987,64.09948287881383,33.579769276648484
19.3086168857781,50.94787038026216,14.213829847751885
28.976786453757054,33.275580686668846,25.64922838509017
20.93947344664357,62.51752919676258,14.687720526967313
16.522770412762014,54.348207899653325,11.087949622796682
23.00753814225172,73.98291651843726,15.60924649040799
6.235480575991432,27.164495201319532,3.519031055859479
29.339791243607955,29.481631689688406,26.391628074639115
32.26080376309199,85.35676246795734,23.725127516296258
8.450387866157723,40.607362373157166,4.389651628842006
30.151769679505378,43.97303843103793,25.754465836401586
8.990792363597674,62.37569039281448,2.7532233243162256
34.55096581673233,70.41127704056049,27.50983811267628
26.04774967471023,42.45648928873891,21.802100745836338
2.2973680695619914,39.513470404658975,-1.653978970903906
28.690063045736267,87.15810378077441,19.974252667658824
15.330258574265784,62.7586598067655,9.054392593589235
22.08907280276291,47.4497726659102,17.34409553617189
14.201965578718765,80.19858455140178,6.182107123578586
8.60672465876899,60.27547826788413,2.5791768319805755
15.594592517064081,56.26878260934265,9.967714256129815
30.69478868506298,37.78895083913455,26.915893601149527
32.31801800479885,38.201369831164016,28.49788102168245
35.21424224251237,71.85083388782371,28.02915885373
26.653659119744347,43.01814859318761,22.351844260425587
5.514067805609959,77.45988391994072,-2.2319205863841134
31.664877957901144,39.29717936158178,27.735160021742963
39.14367345182875,67.82497281189684,32.36117617063906
38.859859755255016,20.27392129950945,36.83246762530407
17.63177775877093,86.14693396163398,9.017084362607532
30.16031266345773,60.30484988403364,24.129827675054365
35.03601291142731,63.121054836391004,28.723907427788205
33.21215753691223,65.98574653165286,26.613582883746943
2.0061536682775127,78.90246056406463,-5.88409238812895
25.599548338960272,76.14633389971175,17.984914948989097
19.413786540662347,25.20947453252811,16.892839087409534
28.723897310014294,32.90525411501818,25.433371898512476
33.01044947378009,49.116055474137426,28.09884392636635
35.598185577197995,88.92738484147361,26.705447093050633
0.7010268099543415,38.63827582764712,-3.1628007728103706
38.29929223808007,41.03431261003206,34.19586097707686
9.044854135097768,42.696059500319606,4.7752481850658075
39.08863888805699,20.20802919491701,37.06783596856529
16.852530239630866,38.44328104072613,13.008202135558253
18.77845923822507,20.881909261328005,16.69026831209227
13.233035535541049,69.78576515199791,6.254459020341258
20.51710266783836,70.24794735809488,13.49230793202887
8.301985147184784,62.26629740476586,2.075355406708198
35.44397465897549,92.07981117449418,26.23599354152607
7.137662298079999,55.885970708705166,1.549065227209482
12.880754251877807,53.67649789012424,7.513104462865383
23.004121761269186,50.973792993082824,17.906742461960903
17.91983369250085,96.82446126118927,8.237387566381921
9.427094286621024,41.55566667314781,5.271527619306243
18.78943823106006,31.740599944833434,15.615378236576717
21.554496165043197,84.95514145291463,13.058982019751733
13.233035914683446,56.366420852463854,7.59639382943706
23.105802277077334,85.2732513415255,14.578477142924784
27.050399230031758,40.369060304056035,23.013493199626154
17.97918766176055,21.159197309948343,15.863267930765717
7.4001385222957605,52.361441675746434,2.163994354721117
35.84102612288298,76.56708685705716,28.184317437177263
23.811821865165243,42.749453011196515,19.536876564045592
24.3377063330742,41.30366381423184,20.207339951651015
12.530615842711024,80.43546936452108,4.487068906258916
8.20310762290192,66.13059408307724,1.5900482145941952
15.191556490871134,38.716277713203326,11.319928719550802
15.564017421450206,63.05423907298629,9.258593514151578
33.32983267170008,55.74406329337016,27.755426342363066
29.84408296952655,85.98618843084122,21.245464126442428
8.214604498774856,74.71656046255632,0.742948452519224
15.728501403410382,54.6942170274319,10.259079700667192
31.921657690361318,46.119268798975234,27.309730810463794
25.238142641605425,37.30187552028693,21.507955089576733
34.55646710116695,74.77780855528012,27.07868624563894
12.812961614016665,41.60698015076798,8.652263598939866
7.206167555190781,66.31681116460291,0.5744864387304895
17.848963533292217,25.73430746581827,15.27553278671039
35.231029115073916,84.34566794668572,26.796462320405343
29.174702176789552,69.13074992666574,22.26162718412298
11.73629031472576,92.66630419842353,2.4696598948834065
22.53236853586321,60.952458764671775,16.43712265939603
16.485097745968957,34.82310848251149,13.002786897717808
22.706583920912653,70.01711333269752,15.7048725876429
27.098874888961166,98.50912841791478,17.247962047169686
26.1895801741889,96.534224262246,16.5361577479643
33.25917074880429,39.937929273017765,29.26537782150251
35.536259503686274,27.417745242392854,32.79448497944699
29.072746110126072,57.27113791191985,23.345632318934086
22.57656129913761,50.073582588250545,17.569203040312555
23.450248472816185,99.94397063132149,13.455851409684035
11.778249804641696,94.17943466026381,2.360306338615315
8.04617103143503,51.32007233969961,2.9141637974650685
36.92171446960919,69.83363062198595,29.938351407410597
36.17418655652341,91.62332855847839,27.01185370067557
35.76238139698734,61.223284291468005,29.640052967840536
2.611966543240869,86.59107448225353,-6.047140904984485
32.184774456355456,32.81934873257853,28.902839583097602
5.195237340935139,56.2572450777606,-0.4304871668409209
27.262194710186023,88.32733575388457,18.429461134797563
8.88498585333938,48.10439102622885,4.074546750716494
16.242583550050544,31.31284988824456,13.111298561226088
26.053215214918527,62.87009025333858,19.76620618958467
19.039420941413336,93.00795847446065,9.73862509396727
6.41846857459087,52.50705747468217,1.1677628271226528
38.77836033286338,34.14097943842161,35.36426238902122
34.44200192836805,58.25459453192799,28.61654247517525
13.906204015159403,53.922289424580654,8.513975072701339
10.466730994029838,37.793871806335986,6.6873438133962395
2.4005854801506565,72.42197005227922,-4.8416115250772656
13.111941775957767,60.54430993606477,7.05751078235129
25.072869598704752,46.977144978161924,20.37515510088856
4.442586835302764,43.44673152935293,0.09791368236747111
9.883860291744448,86.51595047382229,1.2322652443622193
11.854482972693345,63.833937101055575,5.471089262587787
11.430272017599886,99.12892100956452,1.5173799166434332
16.00090431426227,76.94898248292327,8.306006065969944
36.247307755073116,23.35202989810093,33.912104765263024
10.850191751683361,26.07833116030914,8.242358635652447
24.262042484558208,77.65977397302446,16.49606508725576
38.71464705264781,52.51041647596793,33.46360540505102
34.38135710384231,41.054473822957036,30.275909721546608
16.66616752364068,34.66926085985374,13.199241437655306
28.69801592236938,66.99393058734762,21.998622863634615
21.610326331836287,42.19358134673486,17.3909681971628
11.021522483759654,47.56696964908518,6.2648255188511355
30.90628025437837,69.53071877056448,23.95320837732192
2.557578180266842,74.05934070583683,-4.848355890316841
30.65509174156314,40.61678073655311,26.59341366790783
13.969045844942345,29.47890773114766,11.021155071827579
27.84613164230981,61.949965371514715,21.65113510515834
14.039123141898887,94.84459084446318,4.554664057452568
34.283320523400754,91.85741089536714,25.09757943386404
2.7566596604846128,91.84629656188407,-6.427969995703795
14.708448632726103,73.9783159559254,7.3106170371335635
8.924613390431642,43.01802753145638,4.622810637286003
38.49925741384876,90.93194076548448,29.40606333730031
35.38405039506166,77.73843579641539,27.610206815420117
3.7043947597597393,28.046116340256056,0.8997831257341335
10.61095419223947,22.543714296346558,8.356582762604814
15.330934952887896,74.5669126735703,7.874243685530866
9.160170107070797,60.8068642943661,3.0794836776341867
33.052195668709004,84.81142017200435,24.57105365150857
37.25311671409127,56.99513844493504,31.553602869597768
3.7816961271140803,25.40474168674632,1.2412219584394482
1.430594140230168,84.19684488601204,-6.989090348371036
36.712300927699644,36.18170662029567,33.094130265670074
6.748126877929188,46.28339172215335,2.119787705713853
7.163262773340229,65.76131561038069,0.5871312123021593
30.959104403510885,58.249649002431156,25.134139503267768
4.656620413762398,89.94805181701761,-4.338184767939365
12.557428230705456,28.044335279625923,9.752994702742864
18.75780759575425,60.39391881736128,12.718415714018121
22.01189588782427,71.77465421526703,14.834430466297565
15.193094448462773,37.89682624567777,11.403411823894995
24.642039670694246,33.826130247678066,21.25942664592644
15.971905122614935,55.93102040657585,10.37880308195735
15.961996523501828,33.856229906511935,12.576373532850635
23.89558479298836,85.35961246500665,15.359623546487693
38.667665696870436,34.752162471991156,35.19244944967132
12.967264567286612,89.50293948344745,4.016970618941867
8.464340044211465,51.219598685175086,3.3423801756939557
37.27511592662766,85.9173537085935,28.683380555768313
34.042667913835956,77.13628415787804,26.329039498048154
31.47041752076334,21.067138537175644,29.363703667045776
29.05239845937514,71.6061941455757,21.89177904481757
35.089746497800434,86.88759151256176,26.400987346544255
21.482740176742222,77.25598712597554,13.757141464144668
12.943289179631957,85.42066692417102,4.401222487214856
14.335295123826096,64.46002127652687,7.889292996173409
30.692463621442027,34.27422815508994,27.265040805933033
30.24680161433388,28.89799141154798,27.35700247317908
32.29497735222383,77.2169800452956,24.57327934769427
1.277448443145781,43.22550442097186,-3.045101998951405
16.09804121349804,50.715796085872036,11.026461604910835
36.42051636243629,64.82243279774397,29.93827308266189
10.092460630030796,92.32846896795303,0.8596137332354932
9.10889268396485,42.09750956829768,4.899141727135082
15.051859457347629,43.32713007614294,10.719146449733334
8.932692256517347,35.17553407581283,5.415138848936064
8.051255669857573,91.19669983744714,-1.068414313887141
37.64755887389858,80.65947339119288,29.58161153477929
29.101720616035255,37.29778195722795,25.37194242031246
2.261115217260281,90.92799225956313,-6.8316840086960315
8.919001604431607,69.26179470389614,1.992822134041992
13.368306288499179,94.5199226072264,3.9163140277765383
34.259925699328704,36.01960843156646,30.657964856172057
24.63422941370556,37.47561328944802,20.88666808476076
30.19386520938224,51.36163529475627,25.05770167990661
7.962797564386639,37.834385518869425,4.179359012499696
16.99951190634443,44.40080267161663,12.559431639182767
25.559309303592862,58.63193483185977,19.696115820406884
8.867864272647733,70.36823617733853,1.8310406549138794
34.75709337250757,60.982657541703766,28.65882761833719
28.394553621857675,50.5093901698622,23.343614604871455
9.700840577692613,27.06195233228761,6.994645344463851
8.416732373579396,35.05703434120306,4.91102893945909
27.3820335730826,47.581495135582834,22.62388405952432
4.145760155370248,43.16262843277853,-0.17050268790760548
1.6235996682780884,27.45582652075612,-1.1219829837975235
24.712479388153938,57.65816361855866,18.946663026298072
20.60322073317107,36.154065626426764,16.987814170528395
28.838057381598148,49.393317035229884,23.89872567807516
28.96207334110251,69.17344286391472,22.044729054711038
0.3665687255390626,26.948093123482764,-2.3282405868092138
28.64513321157063,98.40106128539446,18.805027083031185
23.260123656092624,20.063351025181248,21.2537885535745
22.340589568574845,33.782782877292945,18.96231128084555
3.880204037325101,59.407190366795106,-2.0605149993544094
20.80714849069899,50.77973867387893,15.729174623311096
13.782992867948565,94.05129464757776,4.377863403190789
8.844038060388556,73.19464615556069,1.5245734448324866
5.74972833229336,98.90519301739512,-4.140790969446153
32.37162029662477,59.36448336722094,26.435171959902675
4.276452693095671,40.76487720048489,0.19996497304718197
8.030042384225386,33.9988006916963,4.630162315055755
8.182385405555323,73.27626662691404,0.8547587428639183
24.307637353052975,56.571533942196425,18.650483958833334
9.920483522695971,98.76816705978521,0.04366681671744921
31.064336136374017,73.69350901354619,23.6949852350194
33.00513509356484,79.29203729522365,25.075931364042475
10.660289739884131,59.39714701711226,4.720575038172905
34.138675152877404,95.32361569914482,24.60631358296292
7.8068439082173136,60.53013133978729,1.7538307742385841
25.65583857922075,31.426056351621874,22.51323294405856
15.701219617588084,63.32484221068654,9.36873539651943
30.98472146329653,87.43381566575104,22.241339896721428
8.006978093275192,81.80986952869179,-0.1740088595939877
23.032195409818883,51.30096204863403,17.90209920495548
37.918024443467864,58.045323970147635,32.1134920464531
25.101028529722768,49.55261422611538,20.14576710711123
21.75129434505486,84.80172843710372,13.271121501344487
33.00630206100277,89.57030466790295,24.049271594212478
12.312008670205191,95.6303429392984,2.748974376275351
1.9734711498084367,56.142464630614555,-3.6407753132530187
4.2709654893420534,27.49171818157084,1.5217936711849696
32.39370170008803,29.352595656670548,29.458442134420977
32.85330445201025,86.27562664788601,24.225741787221647
28.938599706492525,96.83201569366385,19.25539813712614
26.190551236657093,61.61205201537232,20.02934603511986
7.668105596984862,31.91456147094862,4.47664944989
28.673555120683186,33.250700986260284,25.348485022057158
37.39058388986766,35.55842735748902,33.83474115411876
12.151447381939938,54.334795926901364,6.717967789249801
16.62909756736552,98.99007734552355,6.730089832813164
18.220626587871827,36.434158241342665,14.577210763737561
16.324658429284007,44.59162154818273,11.865496274465734
12.884207442372677,67.7102271898734,6.113184723385338
4.378293031831784,70.66664689479452,-2.688371657647669
33.42351884223534,95.66737712248282,23.856781129987056
1.289556124239728,83.1679399292076,-7.027237868681033
31.559989688640655,55.34442866827198,26.025546821813457
20.199052196625914,47.735861979111235,15.42546599871479
12.240695164435223,21.934018964014534,10.04729326803377
11.212767896922568,54.127889204651574,5.79997897645741
32.82194858444268,46.44441624838728,28.177506959603953
36.28006008022953,59.69525234037884,30.310534846191647
18.26111942924601,75.08498585864834,10.752620843381173
22.853760035210627,44.77610732145925,18.3761493030647
32.885796798737324,35.53613855710353,29.33218294302697
27.038295575093166,41.11645860145498,22.92664971494767
4.958592324776934,70.50685635688143,-2.09209331091121
18.3172740616207,53.4637539827915,12.97089866334155
20.403524582255145,94.74620567309066,10.92890401494608
25.40681891648912,94.19115922409608,15.98770299407951
38.782713129765696,58.10153423448551,32.97255970631714
8.643656150778828,26.815345133035137,5.962121637475313
10.867424527914405,56.52425256357,5.214999271557405
24.439762360437356,50.15879231717356,19.42388312872
34.84479680603783,71.86008383472976,27.65878842256485
18.39020526398395,47.696409717677156,13.620564292216235
25.513355677186965,32.40655917362815,22.27269975982415
12.398135097607348,98.76743061480502,2.5213920361268443
16.102982287428524,95.00204522691568,6.602777764736956
33.09213151837845,59.823234773400664,27.109808041038384
4.711164785175677,73.1544471442987,-2.6042799292541936
7.769226904483273,89.88819287330237,-1.2195923828469644
37.858117256911484,43.523228855215365,33.505794371389946
18.056652640493045,26.455294588621683,15.411123181630877
26.392543621957184,79.65674426353148,18.426869195604034
37.85145913655568,33.20864501242216,34.53059463531346
38.89664812893267,91.06916425148714,29.789731703783954
22.34775118428399,41.02464776578699,18.24528640770529
18.418627618481732,65.35296484106735,11.883331134374998
17.386250454809797,79.01664304010646,9.484586150799151
27.765333703010345,82.53921615389615,19.51141208762073
1.422265631849382,52.954098440229735,-3.8731442121735915
26.01353046459486,54.29653634598536,20.583876829996324
9.986635552802912,73.32065237483224,2.6545703153196882
34.05168646032842,94.18352233281101,24.633334227047317
0.4258854382796873,67.78837791342383,-6.352952353062696
5.041616353214322,78.20596434399377,-2.778980081185055
33.571122530817405,63.05705387114109,27.265417143703296
38.11483197227774,46.55124666984441,33.4597073052933
24.539058897891724,42.98444618699609,20.240614279192116
31.262633301132098,37.59167600221858,27.50346570091024
29.515934294418287,34.653709216208526,26.050563372797434
21.484126768798106,74.91244974993661,13.992881793804443
4.337786486594202,51.058796046068906,-0.7680931180126889
19.168328146569525,49.07380129433318,14.260948017136208
1.5544248975263963,39.24239079510485,-2.369814181984089
1.0508566622914994,50.905180244684935,-4.039661362176995
26.15328992967326,97.1182498933926,16.441464940334
12.305352451295608,20.20907262474875,10.284445188820733
26.039654025623715,76.7535824120134,18.364295784422374
17.111113966439035,87.10836736967279,8.400277229471756
19.346694548215858,74.32475303764937,11.91421924445092
31.64982169876328,89.52993955617485,22.696827743145796
10.167442501613477,55.48185431894527,4.61925706971895
6.927497461188841,69.91571228135916,-0.06407376694707612
0.15144406013442246,71.08208612683039,-6.956764552548617
35.72227292471065,53.53839869041516,30.368433055669136
21.118249812764578,32.47388359914318,17.87086145285026
7.3182794898888925,89.71073773978281,-1.6527942840893886
19.07429176426828,87.65906275604969,10.308385488663312
32.23512472603633,49.53985922608737,27.281138803427595
15.3157148596936,54.8769392454481,9.828020935148789
34.32175637237315,86.34641198347028,25.687115174026125
26.767195536667586,65.86238307246742,20.180957229420844
28.395519172220762,27.09384187560491,25.68613498466027
13.914923011859607,90.49841280151318,4.865081731708289
39.0368835951243,53.16399517225524,33.720484077898774
18.066664316527813,37.21401558578314,14.345262757949499
38.00182561461776,86.30785858948718,29.371039755669038
28.41469498137934,65.34491873526807,21.880203107852534
33.66015555184611,96.89388466088023,23.970767085758084
32.2330515642623,73.70620013086926,24.86243155117537
21.92470716819111,92.70655024852225,12.654052143338884
35.61633275735046,27.128316620987086,32.903501095251755
35.949597767620546,91.11548725591629,26.838049042028914
24.192963827603183,33.166242106106345,20.87633961699255
0.6912853750587011,44.081402567201444,-3.716854881661443
14.548698153833538,52.23474369237759,9.325223784595778
9.031950630804047,80.88681020387881,0.9432696104161664
2.3872798837722797,65.51115700494415,-4.163835816722136
3.9725866586241043,68.06036647475355,-2.8334499888512514
33.251257580656095,99.48801030656013,23.30245655000008
24.895228022484112,49.93682923757369,19.901545098726743
29.178962708534737,61.338184258061766,23.04514428272856
8.41300105831328,25.9638657933218,5.8166144789811005
10.203937727379895,61.96643731528069,4.007293995851825
37.122723347273066,45.86211395032409,32.53651195224066
28.713032560991575,48.68144080358222,23.84488848063335
1.0216010135581222,45.87346608558357,-3.5657455950002355
29.40842657778767,36.29978611584701,25.778447966202968
10.056816209620948,50.31640434184592,5.025175775436356
7.94666873989931,53.973223702084574,2.549346369690852
12.645556872784658,31.720078925909014,9.473548980193756
21.18874737186733,54.41381059702495,15.747366312164834
6.7247709679629075,35.30209174471564,3.1945617934913435
37.05572675862924,80.4429827300262,29.01142848562662
34.32936588889782,77.06534407303741,26.622831481594076
37.445727200908955,69.2569823685191,30.520028964057044
25.790501043671025,42.390186153804954,21.55148242829053
39.71869890011621,55.229393377906106,34.1957595623256
34.54769847512616,83.89255132924634,26.158443342201526
10.805348069376176,55.2980503456122,5.275543034814956
30.180946368726186,90.81204055716405,21.09974231300978
26.2641580190845,93.3407302546855,16.93008499361595
